"","cluster_id","cougar_id","Season","Year","form_date","inv_date","carcass_found","species","sex","age","marrow_color","marrow_texture","body_cond","deer","pig","forest_dist","grass_dist","shrub_dist","riparian_dist","NDVI"
"3","SF9_C01","SF09","Summer",2021,2021-04-27,2021-05-03,"Y","deer","F","adult",2,2,4,4.44595003128052,0.39392676949501,4.79579067230225,6.1025185585022,0,4.11087369918823,0.564129650592804
"4","SF9_C03","SF09","Summer",2021,2021-05-01,2021-05-05,"Y","deer","UNK","neonate",0,0,0,2.96380472183228,1.11312890052795,0,5.62613201141357,3.43398714065552,5.93197727203369,0.518045246601105
"5","SF1_C01","SF01","Summer",2021,2021-05-02,2021-05-04,"Y","deer","F","adult",1,2,3,3.66671705245972,0.562965869903564,0,5.36191177368164,4.45263433456421,4.90648937225342,0.448889285326004
"7","SM6_C02","SM06","Summer",2021,2021-05-03,2021-05-07,"Y","deer","UNK","neonate",0,0,0,7.958420753479,1.90891325473785,3.43398714065552,3.43398714065552,0,5.96870756149292,0.391066402196884
"8","SF9_C05","SF09","Summer",2021,2021-05-04,2021-05-06,"Y","deer","F","adult",1,1,2,4.02328824996948,0.87197071313858,5.26317596435547,4.11087369918823,0,6.03751659393311,0.455568373203278
"10","SF9_C06","SF09","Summer",2021,2021-05-10,2021-05-11,"Y","deer","F","adult",2,2,4,8.83174228668213,2.28105783462524,3.43398714065552,4.11087369918823,0,6.17781257629395,0.395816802978516
"11","SF10_C01","SF10","Summer",2021,2021-05-14,2021-05-15,"Y","deer","UNK","neonate",1,1,2,3.79040694236755,1.18996071815491,3.43398714065552,3.43398714065552,0,5.80622100830078,0.347907334566116
"12","SF9_C07","SF09","Summer",2021,2021-05-14,2021-05-16,"Y","deer","UNK","neonate",1,1,2,3.98358416557312,1.13540196418762,0,5.46089315414429,3.43398714065552,5.17007780075073,0.446043848991394
"13","SF10_C03","SF10","Summer",2021,2021-05-17,2021-05-18,"Y","deer","UNK","neonate",0,0,0,3.23774909973145,0.477723896503448,3.43398714065552,4.51085948944092,0,7.06692552566528,0.404728949069977
"14","SF9_C08","SF09","Summer",2021,2021-05-18,2021-05-19,"Y","deer","UNK","neonate",0,0,0,14.8154668807983,3.9833037853241,5.35185813903809,3.43398714065552,0,3.43398714065552,0.386189490556717
"15","SF9_C09","SF09","Summer",2021,2021-05-19,2021-05-21,"Y","deer","F","adult",2,2,4,13.4536209106445,4.40477609634399,5.60823154449463,3.43398714065552,5.43578624725342,0,0.374765753746033
"16","SF9_C10","SF09","Summer",2021,2021-05-22,2021-05-23,"Y","deer","UNK","neonate",0,0,0,4.14821100234985,2.03537154197693,3.77106761932373,4.82585620880127,0,6.35832929611206,0.404938966035843
"17","SF1_C06","SF01","Summer",2021,2021-05-22,2021-05-23,"Y","deer","UNK","neonate",0,0,0,2.98939561843872,0.876340329647064,4.11087369918823,0,4.11087369918823,7.42857599258423,0.441102772951126
"18","SF1_C08","SF01","Summer",2021,2021-05-24,2021-05-27,"Y","deer","UNK","neonate",0,0,0,4.5107889175415,0.680328547954559,4.79579067230225,4.22071361541748,0,6.1025185585022,0.384386420249939
"20","SF9_C12","SF09","Summer",2021,2021-05-26,2021-05-29,"Y","deer","UNK","fawn",0,0,0,2.61741399765015,0.320634692907333,4.22071361541748,6.00015735626221,0,6.1114673614502,0.575577080249786
"21","SF1_C10","SF01","Summer",2021,2021-05-27,2021-05-30,"Y","deer","UNK","neonate",1,2,3,11.066481590271,2.35129189491272,4.85420894622803,5.03676176071167,4.22071361541748,0,0.487788259983063
"22","SM6_C06","SM06","Summer",2021,2021-05-28,2021-06-02,"Y","deer","F","adult",0,1,1,15.0107908248901,4.0973334312439,5.49251699447632,4.11087369918823,3.43398714065552,0,0.383870482444763
"23","SF1_C11","SF01","Summer",2021,2021-05-30,2021-06-01,"Y","deer","UNK","neonate",0,1,1,7.57708168029785,2.39112710952759,3.43398714065552,5.09101629257202,0,5.51498556137085,0.510856688022614
"24","SF9_C14","SF09","Summer",2021,2021-05-31,2021-06-03,"Y","deer","UNK","neonate",0,1,1,7.34448766708374,2.72000527381897,4.56297588348389,3.77106761932373,3.43398714065552,0,0.393213838338852
"25","SF9_C15","SF09","Summer",2021,2021-06-03,2021-06-07,"Y","deer","UNK","neonate",1,2,3,4.90115976333618,1.57499706745148,4.85420894622803,4.22071361541748,0,3.43398714065552,0.433324754238129
"26","SF9_C3.6","SF09","Summer",2021,2021-06-04,2021-06-08,"Y","deer","UNK","neonate",0,1,1,6.51469945907593,1.52108454704285,3.43398714065552,4.11087369918823,0,4.22071361541748,0.381969332695007
"27","SF9_C16","SF09","Summer",2021,2021-06-05,2021-06-07,"Y","deer","M","adult",2,2,4,10.9282522201538,2.7336266040802,5.09101629257202,0,4.22071361541748,5.35185813903809,0.3842493891716
"28","SF1_C13","SF01","Summer",2021,2021-06-05,2021-06-06,"Y","deer","UNK","neonate",0,0,0,4.41374158859253,0.789565980434418,4.45263433456421,4.56297588348389,0,5.36191177368164,0.532395720481873
"29","SF1_C14","SF01","Summer",2021,2021-06-06,2021-06-07,"Y","deer","UNK","neonate",0,1,1,3.81145119667053,0.237200438976288,0,6.18551874160767,3.43398714065552,4.11087369918823,0.605354189872742
"32","SF9_C18","SF09","Summer",2021,2021-06-13,2021-06-15,"Y","deer","F","adult",0,0,0,10.2852964401245,4.16525220870972,5.17007780075073,4.11087369918823,0,5.54345083236694,0.398262798786163
"33","SF1_C16","SF01","Summer",2021,2021-06-13,2021-06-17,"Y","deer","UNK","neonate",0,0,0,12.8079042434692,4.34785079956055,5.60211896896362,0,3.77106761932373,3.43398714065552,0.465910583734512
"34","SF9_C19","SF09","Summer",2021,2021-06-15,2021-06-20,"Y","deer","UNK","neonate",0,2,2,5.54196310043335,1.05034148693085,4.22071361541748,4.45263433456421,0,4.82585620880127,0.47112250328064
"35","SF9_C20","SF09","Summer",2021,2021-06-16,2021-06-19,"Y","deer","F","fawn",0,0,0,13.5132989883423,7.65864944458008,5.35185813903809,3.77106761932373,0,4.45263433456421,0.389545977115631
"36","SF9_C21","SF09","Summer",2021,2021-06-20,2021-06-23,"Y","deer","M","fawn",0,0,0,11.5201005935669,5.58242750167847,4.85420894622803,3.77106761932373,3.43398714065552,0,0.34133243560791
"37","SF9_C22","SF09","Summer",2021,2021-06-22,2021-06-24,"Y","deer","UNK","neonate",0,1,1,4.17759084701538,0.848621189594269,4.79579067230225,4.82585620880127,0,5.51498556137085,0.564370632171631
"38","SF1_C18","SF01","Summer",2021,2021-06-22,2021-06-27,"Y","deer","UNK","neonate",0,0,0,14.2564172744751,2.4515323638916,5.55032062530518,4.11087369918823,4.82585620880127,0,0.388104110956192
"40","SF9_C24","SF09","Summer",2021,2021-06-28,2021-07-01,"Y","deer","F","adult",1,1,2,12.9562749862671,3.26236534118652,5.01727962493896,4.11087369918823,4.11087369918823,0,0.374809503555298
"42","SF9_C26","SF09","Summer",2021,2021-07-02,2021-07-04,"Y","deer","UNK","neonate",0,0,0,13.5015544891357,3.3673369884491,6.13103437423706,4.11087369918823,0,3.43398714065552,0.371215850114822
"43","SF9_C27","SF09","Summer",2021,2021-07-03,2021-07-04,"Y","deer","UNK","neonate",0,0,0,14.0308055877686,4.96238279342651,5.8021183013916,4.11087369918823,5.36191177368164,0,0.360837310552597
"44","SF9_C28","SF09","Summer",2021,2021-07-04,2021-07-05,"Y","deer","UNK","neonate",1,2,3,4.79062652587891,2.33837389945984,3.77106761932373,4.79579067230225,0,5.13994073867798,0.422754794359207
"46","SF1_C22","SF01","Summer",2021,2021-07-06,2021-07-12,"Y","deer","UNK","neonate",1,2,3,13.7584238052368,4.78324556350708,5.75005912780762,4.51085948944092,3.43398714065552,0,0.454003036022186
"47","SF1_C24","SF01","Summer",2021,2021-07-10,2021-07-15,"Y","deer","UNK","neonate",0,1,1,13.1473093032837,6.87897443771362,6.57101154327393,3.43398714065552,4.69287443161011,0,0.35699862241745
"48","SF9_C31","SF09","Summer",2021,2021-07-11,2021-07-13,"Y","deer","UNK","neonate",1,2,3,15.330906867981,3.64394545555115,5.70711040496826,3.77106761932373,5.09101629257202,0,0.374215006828308
"49","SF1_C25","SF01","Summer",2021,2021-07-11,2021-07-15,"Y","deer","UNK","neonate",0,0,0,13.1519250869751,7.0859112739563,6.23636960983276,3.77106761932373,4.11087369918823,0,0.353621631860733
"50","SF9_C32-1","SF09","Summer",2021,2021-07-12,2021-07-14,"Y","deer","UNK","neonate",1,2,3,13.9547834396362,5.339599609375,5.01727962493896,4.45263433456421,4.22071361541748,0,0.391387403011322
"51","SF9_C32-2","SF09","Summer",2021,2021-07-14,2021-07-16,"Y","deer","F","adult",0,0,0,6.70041751861572,1.96603059768677,0,5.39091157913208,3.43398714065552,4.85420894622803,0.509929239749908
"53","SF1_C26","SF01","Summer",2021,2021-07-17,2021-07-22,"Y","deer","F","adult",0,0,0,3.39290261268616,0.508264541625977,5.01727962493896,0,3.43398714065552,7.21277713775635,0.401808351278305
"54","SF9_C34","SF09","Summer",2021,2021-07-17,2021-07-19,"Y","deer","UNK","neonate",1,1,2,4.53781652450562,1.34460258483887,3.43398714065552,4.69287443161011,0,5.69704246520996,0.513871371746063
"55","SF9_719day","SF09","Summer",2021,2021-07-19,2021-07-22,"Y","deer","UNK","neonate",0,1,1,13.6743783950806,3.92315196990967,5.01727962493896,3.43398714065552,3.43398714065552,0,0.403207361698151
"58","SF9_C41","SF09","Summer",2021,2021-07-30,2021-07-31,"Y","deer","M","adult",2,2,4,8.37267208099365,4.97852993011475,5.26317596435547,0,3.43398714065552,7.02598237991333,0.347129106521606
"59","SM6_C21","SM06","Summer",2021,2021-07-31,2021-08-01,"Y","deer","UNK","neonate",0,1,1,9.37134742736816,0.863682746887207,3.43398714065552,0,3.77106761932373,5.96870756149292,0.343327432870865
"60","SF9_W21-01","SF09","Winter",2021,2021-10-30,2021-11-02,"Y","deer","F","adult",1,1,2,13.0505294799805,6.41103887557983,0,4.22071361541748,3.43398714065552,5.54345083236694,0.527257561683655
"61","SF9_W21-03","SF09","Winter",2021,2021-11-04,2021-11-05,"Y","deer","M","adult",1,2,3,15.5295114517212,11.8432054519653,6.75701284408569,4.11087369918823,5.17007780075073,0,0.543550193309784
"62","SF9_W21-C04","SF09","Winter",2021,2021-11-08,2021-11-10,"Y","deer","F","adult",1,2,3,5.04143047332764,1.56187999248505,0,5.01727962493896,4.11087369918823,6.20977306365967,0.620342075824738
"63","SF9_W21-C05","SF09","Winter",2021,2021-11-16,2021-11-18,"Y","deer","UNK","adult",2,2,4,5.46999073028564,3.31703281402588,0,4.45263433456421,3.43398714065552,6.04517126083374,0.548727214336395
"64","SF1_W21-04","SF01","Winter",2021,2021-11-19,2021-11-22,"Y","deer","M","fawn",2,2,4,5.52252531051636,0.445859372615814,0,5.59593057632446,4.69287443161011,4.69287443161011,0.605036914348602
"65","SF9_W21-06","SF09","Winter",2021,2021-11-19,2021-11-22,"Y","deer","M","fawn",2,2,4,5.45203971862793,0.526222705841064,0,5.26317596435547,3.43398714065552,5.25089359283447,0.600548624992371
"66","SF9_W21-08","SF09","Winter",2021,2021-11-22,2021-11-25,"Y","deer","UNK","neonate",0,1,1,5.21548938751221,0.272842049598694,4.11087369918823,6.67225646972656,0,5.55032062530518,0.666980981826782
"67","SF9_W21-09","SF09","Winter",2021,2021-11-26,2021-11-30,"Y","deer","F","fawn",1,2,3,6.21378231048584,0.765708088874817,0,4.22071361541748,3.43398714065552,4.22071361541748,0.593133211135864
"68","SF9_W21-11","SF09","Winter",2021,2021-11-29,2021-12-01,"Y","deer","UNK","fawn",0,0,0,5.0618371963501,1.74410891532898,3.43398714065552,4.82585620880127,0,5.94141626358032,0.550654470920563
"69","SM6_W21-07","SM06","Winter",2021,2021-12-04,2021-12-16,"Y","deer","UNK","UNK",2,2,4,11.2421283721924,2.34393787384033,3.43398714065552,4.11087369918823,0,6.74530506134033,0.489930629730225
"70","SM6_W21-08","SM06","Winter",2021,2021-12-12,2021-12-16,"Y","deer","UNK","adult",0,2,2,12.0127458572388,7.50534296035767,4.45263433456421,0,3.43398714065552,6.1025185585022,0.535097301006317
"71","SF9_W21-C16","SF09","Winter",2021,2021-12-13,2021-12-17,"Y","deer","F","adult",1,1,2,5.02835369110107,1.58185660839081,0,5.49251699447632,3.43398714065552,6.04263305664062,0.607890427112579
"72","SF9_W21-C18","SF09","Winter",2021,2021-12-21,2021-12-22,"Y","deer","F","adult",1,2,3,8.00823593139648,3.57429957389832,5.46089315414429,3.43398714065552,0,4.90648937225342,0.552641689777374
"74","SF9_S22-C04","SF09","Summer",2022,2022-05-07,2022-05-12,"Y","deer","F","adult",0,1,1,3.73775601387024,0.452904731035233,3.43398714065552,5.39091157913208,4.82585620880127,0,0.590145289897919
"77","SM6_S22-C06","SM06","Summer",2022,2022-05-25,2022-05-27,"Y","deer","M","adult",2,2,4,2.70677375793457,0.546670436859131,3.43398714065552,7.13653516769409,0,6.74468088150024,0.602913081645966
"81","SM6_S22-C10","SM06","Summer",2022,2022-06-06,2022-06-08,"Y","deer","UNK","neonate",0,1,1,15.0630779266357,2.89174604415894,5.38143110275269,4.22071361541748,4.85420894622803,0,0.375989019870758
"82","SF9_S22-C13","SF09","Summer",2022,2022-06-07,2022-06-09,"Y","deer","UNK","neonate",0,1,1,8.14040470123291,2.2890408039093,3.43398714065552,3.77106761932373,0,6.3846755027771,0.3843814432621
"83","SM6_S22-C11","SM06","Summer",2022,2022-06-09,2022-06-12,"Y","deer","UNK","neonate",0,0,0,4.15086269378662,1.80787658691406,4.85420894622803,4.82585620880127,0,5.76802206039429,0.467954963445663
"84","SM6_S22-C13","SM06","Summer",2022,2022-06-15,2022-06-16,"Y","deer","UNK","neonate",0,0,0,3.54612421989441,0.703006148338318,3.43398714065552,5.48479700088501,0,4.90648937225342,0.594730257987976
"85","SF9_S22-C18","SF09","Summer",2022,2022-06-18,2022-06-20,"Y","deer","UNK","neonate",0,1,1,13.298002243042,2.67326188087463,3.43398714065552,3.43398714065552,4.56297588348389,0,0.416999846696854
"86","SF9_S22-C19","SF09","Summer",2022,2022-06-20,2022-06-21,"Y","deer","F","adult",0,1,1,13.1495313644409,3.1764190196991,6.24322891235352,4.22071361541748,0,3.77106761932373,0.369216352701187
"90","SF9_S22-C23","SF09","Summer",2022,2022-06-27,2022-07-01,"Y","deer","UNK","neonate",1,1,2,4.23893022537231,0.339351832866669,3.43398714065552,6.03493881225586,4.69287443161011,0,0.545386254787445
"91","SM6_S22-C21","SM06","Summer",2022,2022-07-13,2022-07-16,"Y","deer","F","adult",1,2,3,3.4884045124054,0.265022367238998,3.43398714065552,6.58752632141113,3.43398714065552,0,0.655349314212799
"95","SF9_W22-10-13","SF09","Winter",2022,2022-10-13,2022-11-06,"Y","deer","M","adult",1,2,3,6.43467283248901,0.620329797267914,0,4.22071361541748,3.43398714065552,3.77106761932373,0.52854710817337
"96","SF9_W22-10-21","SF09","Winter",2022,2022-10-21,2022-11-10,"Y","deer","UNK","adult",0,1,1,15.192645072937,6.78119993209839,5.36191177368164,3.43398714065552,3.43398714065552,0,0.364091366529465
"97","SM6_W22-10-23","SM06","Winter",2022,2022-10-23,2022-11-10,"Y","deer","UNK","adult",0,1,1,15.192645072937,6.78119993209839,5.36191177368164,3.43398714065552,3.43398714065552,0,0.364091366529465
"98","SF9_W22-10-25","SF09","Winter",2022,2022-10-25,2022-11-06,"Y","deer","UNK","neonate",0,0,0,5.04878711700439,4.09216022491455,5.17007780075073,5.13994073867798,0,6.73522806167603,0.500805795192719
"99","SF9_W22-10-28","SF09","Winter",2022,2022-10-27,2022-11-04,"Y","deer","UNK","neonate",0,0,0,4.89661931991577,1.59776198863983,0,6.18360328674316,3.43398714065552,6.51495885848999,0.558094322681427
"100","SF9_W22-C01","SF09","Winter",2022,2022-10-31,2022-11-06,"Y","deer","UNK","neonate",0,0,0,6.73533010482788,3.42607450485229,4.82585620880127,4.11087369918823,3.43398714065552,0,0.414891749620438
"101","SF9_W22-C02","SF09","Winter",2022,2022-11-02,2022-11-05,"Y","deer","M","adult",0,1,1,5.17268800735474,3.29158854484558,5.26317596435547,5.13994073867798,0,6.59768199920654,0.475980699062347
"102","SF9_W22-C03","SF09","Winter",2022,2022-11-07,2022-11-08,"Y","deer","F","adult",1,2,3,11.9561529159546,7.38372993469238,5.21212148666382,3.43398714065552,0,6.41092109680176,0.405533730983734
"103","SF9_W22-C07","SF09","Winter",2022,2022-11-18,2022-11-20,"Y","deer","M","adult",0,1,1,11.7863969802856,6.57186508178711,5.25089359283447,3.77106761932373,0,6.72688865661621,0.403127044439316
"104","SF9_W22-C08","SF09","Winter",2022,2022-11-21,2022-11-23,"Y","deer","F","neonate",1,2,3,11.7808952331543,5.03744792938232,4.82585620880127,3.77106761932373,0,6.35832929611206,0.44213804602623
"105","SF9_W22-C09","SF09","Winter",2022,2022-11-27,2022-11-28,"Y","deer","UNK","neonate",0,0,0,5.21075201034546,2.42668223381042,4.22071361541748,4.11087369918823,0,6.1478066444397,0.499202132225037
"107","SF9_W22-C13","SF09","Winter",2022,2022-12-23,2023-01-01,"Y","deer","F","adult",0,0,0,15.9671325683594,3.27802491188049,4.51085948944092,3.77106761932373,3.43398714065552,0,0.407369136810303
"108","SF9_W22-C12","SF09","Winter",2022,2022-12-23,2023-01-03,"Y","deer","UNK","fawn",0,0,0,14.5648889541626,3.0905556678772,3.77106761932373,3.77106761932373,0,4.82585620880127,0.405332565307617
"109","SF9_W22-C14","SF09","Winter",2022,2022-12-27,2023-01-01,"Y","deer","F","adult",1,2,3,11.9301414489746,2.6434600353241,0,3.77106761932373,5.25089359283447,5.39091157913208,0.438481897115707
"110","SF9_W22-C15","SF09","Winter",2022,2022-12-29,2023-01-01,"Y","deer","F","fawn",0,1,1,14.2362871170044,3.69778633117676,4.51085948944092,0,5.21212148666382,5.19849681854248,0.391495764255524
"111","SM6_W22-C25","SM06","Winter",2022,2022-12-31,2023-01-02,"Y","deer","F","adult",0,0,0,13.7020721435547,4.40967702865601,4.45263433456421,5.01727962493896,0,5.03676176071167,0.470560818910599
"112","SF9_W22-C16","SF09","Winter",2022,2022-12-31,2023-01-02,"Y","deer","UNK","fawn",0,0,0,15.662878036499,13.4415683746338,6.69552040100098,0,4.69287443161011,4.51085948944092,0.361173331737518
"113","SF9_W22-C18","SF09","Winter",2022,2023-01-02,2023-01-03,"Y","deer","F","",2,2,4,14.5119276046753,11.1607732772827,6.29495716094971,0,5.95373010635376,3.43398714065552,0.356670618057251
"114","SF9_W22-C20","SF09","Winter",2022,2023-01-04,2023-01-07,"Y","deer","UNK","fawn",0,0,0,12.519362449646,2.59946322441101,0,4.11087369918823,5.13994073867798,5.35185813903809,0.437090426683426
"115","SF9_W22-C23","SF09","Winter",2022,2023-01-08,2023-01-13,"Y","deer","F","adult",1,2,3,12.9950408935547,9.56207370758057,6.17586708068848,0,5.64904260635376,5.65460968017578,0.397480726242065
"116","SM6_W22-C29","SM06","Winter",2022,2023-01-09,2023-01-13,"Y","deer","F","fawn",0,0,0,4.68461942672729,2.0777792930603,3.43398714065552,5.90589761734009,0,6.6149730682373,0.556369662284851
"117","SF9_W22-C25","SF09","Winter",2022,2023-01-10,2023-01-13,"Y","deer","F","yearling",0,2,2,10.9754800796509,3.18505477905273,0,4.69287443161011,5.17007780075073,6.17781257629395,0.438966155052185
"118","SF9_W22-C27","SF09","Winter",2022,2023-01-15,2023-01-18,"Y","deer","M","yearling",0,1,1,7.58905792236328,1.02303147315979,4.11087369918823,0,4.56297588348389,6.74530506134033,0.448590844869614
"120","SF9_W22-C32","SF09","Winter",2022,2023-01-24,2023-01-26,"Y","deer","F","adult",0,1,1,15.2876739501953,6.0053014755249,5.36191177368164,3.43398714065552,5.01727962493896,0,0.383890360593796
"121","SF9_W22-C33","SF09","Winter",2022,2023-01-28,2023-01-31,"Y","deer","F","adult",0,1,1,11.9195022583008,1.74643230438232,4.90648937225342,0,4.11087369918823,6.34600448608398,0.427241623401642
"122","SF9_S23-C06","SF09","Summer",2022,2023-05-05,2023-05-10,"Y","deer","UNK","neonate",1,2,3,6.39832305908203,2.01437520980835,0,5.36191177368164,3.77106761932373,4.82585620880127,0.513817429542542
"123","SF9_S23-C07","SF09","Summer",2022,2023-05-10,2023-05-10,"Y","deer","UNK","neonate",0,1,1,13.8451910018921,6.14021253585815,6.1114673614502,4.51085948944092,3.43398714065552,0,0.426870733499527
"124","SF9_S23-C00","SF09","Summer",2022,2023-04-25,2023-05-11,"Y","deer","M","adult",1,2,3,3.44499373435974,2.02977156639099,4.51085948944092,4.82585620880127,0,6.70910978317261,0.452092736959457
"125","SF9_S23-C09","SF09","Summer",2022,2023-05-11,2023-05-12,"Y","deer","UNK","neonate",0,0,0,4.28181076049805,1.52588760852814,3.43398714065552,3.43398714065552,0,4.69287443161011,0.549270451068878
"126","SF9_S23-2P","SF09","Summer",2022,2023-05-13,2023-05-13,"Y","deer","UNK","neonate",0,0,0,11.864372253418,6.3353271484375,5.89575576782227,0,3.77106761932373,3.43398714065552,0.390671402215958
"129","SF9_S23-C11","SF09","Summer",2022,2023-05-16,2023-05-17,"Y","deer","F","adult",2,2,4,8.45450782775879,1.54623520374298,0,4.69287443161011,4.11087369918823,4.11087369918823,0.491685807704926
"130","SF9_S23-C13","SF09","Summer",2022,2023-05-19,2023-05-20,"Y","deer","UNK","neonate",0,1,1,4.51377868652344,2.34638738632202,5.01727962493896,4.82585620880127,0,4.90648937225342,0.510339856147766
"133","SF9_S23-C16","SF09","Summer",2022,2023-05-24,2023-05-26,"Y","deer","UNK","neonate",0,1,1,3.13510131835938,0.54468846321106,3.77106761932373,5.36191177368164,0,5.73614931106567,0.517402350902557
"134","SF9_S23-C15","SF09","Summer",2022,2023-05-22,2023-05-27,"Y","deer","UNK","neonate",0,2,2,3.8365421295166,3.22813820838928,0,3.43398714065552,3.43398714065552,5.38143110275269,0.535426497459412
"135","SF9_S23-C18","SF09","Summer",2022,2023-05-26,2023-05-28,"Y","deer","UNK","neonate",1,2,3,13.3809881210327,4.46362590789795,5.64904260635376,4.11087369918823,0,3.43398714065552,0.432028502225876
"136","SF9_S23-C20","SF09","Summer",2022,2023-05-30,2023-06-02,"Y","deer","F","adult",1,2,3,14.8755493164062,2.44154453277588,4.85420894622803,0,4.11087369918823,3.43398714065552,0.376590967178345
"137","SF9_S23-C28","SF09","Summer",2022,2023-06-18,2023-06-19,"Y","deer","UNK","neonate",0,0,0,4.60942125320435,1.22122859954834,4.69287443161011,5.39091157913208,0,4.22071361541748,0.487557977437973
"141","SF9_S23-C22","SF09","Summer",2022,2023-06-04,2023-06-24,"Y","deer","F","adult",1,2,3,4.94642162322998,1.69869101047516,5.03676176071167,4.51085948944092,0,4.22071361541748,0.42205023765564
"142","SF9_S23-C30","SF09","Summer",2022,2023-06-24,2023-06-25,"Y","deer","UNK","neonate",1,2,3,12.5758790969849,5.99427461624146,5.78536128997803,4.11087369918823,0,4.45263433456421,0.396182537078857
"143","SF9_S23-C31","SF09","Summer",2022,2023-06-25,2023-06-26,"Y","deer","UNK","neonate",1,2,3,14.3069381713867,3.21551537513733,4.82585620880127,4.22071361541748,4.11087369918823,0,0.402379363775253
"144","SF9_S23-C32","SF09","Summer",2022,2023-06-26,2023-06-27,"Y","deer","UNK","neonate",0,0,0,9.14788436889648,3.15397262573242,5.19849681854248,4.45263433456421,0,3.43398714065552,0.469983160495758
"145","SF9_S23-C34","SF09","Summer",2022,2023-06-27,2023-06-28,"Y","deer","UNK","neonate",0,0,0,3.63584995269775,1.44769251346588,0,4.90648937225342,3.77106761932373,6.20611763000488,0.494043678045273
"146","SF9_S23-C37","SF09","Summer",2022,2023-06-29,2023-07-01,"Y","deer","UNK","neonate",0,1,1,6.63589286804199,2.00918459892273,4.51085948944092,4.45263433456421,3.43398714065552,0,0.528943121433258
"147","SF9_S23-C38","SF09","Summer",2022,2023-06-30,2023-07-03,"Y","deer","UNK","neonate",0,1,1,13.8179750442505,6.06767511367798,6.15395402908325,4.22071361541748,3.77106761932373,0,0.395368933677673
"148","SF9_S23-C40","SF09","Summer",2022,2023-07-02,2023-07-03,"Y","deer","UNK","neonate",0,0,0,14.2934656143188,5.9967246055603,6.04263305664062,3.43398714065552,4.22071361541748,0,0.377682894468307
"149","SF9_S23-C41","SF09","Summer",2022,2023-07-03,2023-07-04,"Y","deer","UNK","neonate",0,2,2,14.5971336364746,2.22417831420898,5.21212148666382,0,3.77106761932373,3.43398714065552,0.382064789533615
"150","SF9_S23-C42","SF09","Summer",2022,2023-07-04,2023-07-05,"Y","deer","UNK","neonate",0,0,0,13.7626276016235,3.66799521446228,3.43398714065552,3.43398714065552,4.51085948944092,0,0.362542241811752
"151","SF9_S23-C44","SF09","Summer",2022,2023-07-07,2023-07-08,"Y","deer","F","adult",2,2,4,12.2145709991455,7.98673963546753,6.63402795791626,3.43398714065552,0,3.43398714065552,0.328805804252625
"152","SF9_S23-C43","SF09","Summer",2022,2023-07-07,2023-07-10,"Y","deer","UNK","neonate",0,0,0,14.8118467330933,4.23886108398438,5.55032062530518,4.51085948944092,0,3.43398714065552,0.372449100017548
"153","SF9_S23-C47","SF09","Summer",2022,2023-07-13,2023-07-16,"Y","deer","UNK","neonate",1,1,2,14.7987957000732,2.66248655319214,3.43398714065552,3.77106761932373,0,3.77106761932373,0.372528791427612
"154","SF9_S23-C48","SF09","Summer",2022,2023-07-16,2023-07-17,"Y","deer","M","adult",1,2,3,14.2295055389404,3.79291033744812,5.51498556137085,0,5.09101629257202,3.43398714065552,0.377207309007645
"156","SF9_S23-C49","SF09","Summer",2022,2023-07-20,2023-07-21,"Y","deer","UNK","neonate",1,2,3,6.13012742996216,1.90718901157379,5.09101629257202,0,3.43398714065552,5.03676176071167,0.438523381948471
"157","SF9_S23-C50","SF09","Summer",2022,2023-07-22,2023-07-23,"Y","deer","UNK","neonate",0,1,1,4.66862058639526,1.47412848472595,0,3.77106761932373,3.43398714065552,4.11087369918823,0.429403901100159
"158","SF9_S23-C52","SF09","Summer",2022,2023-07-26,2023-07-26,"Y","deer","F","fawn",0,1,1,11.2806549072266,8.72147464752197,5.78536128997803,3.43398714065552,0,3.77106761932373,0.356266111135483
"159","SF9_W23-1013","SF09","Winter",2022,2023-10-13,2023-11-02,"Y","deer","M","adult",2,2,4,11.9624166488647,8.37776947021484,4.85420894622803,5.01727962493896,0,6.41092109680176,0.461706966161728
"160","SF9_W23-1016","SF09","Winter",2022,2023-10-16,2023-11-02,"Y","deer","F","adult",1,2,3,5.39268636703491,1.79445230960846,5.25089359283447,5.62613201141357,0,6.00015735626221,0.525848507881165
"161","SF9_W23-1025","SF09","Winter",2022,2023-10-25,2023-11-03,"Y","deer","UNK","fawn",0,1,1,14.1535682678223,2.98765063285828,4.79579067230225,5.13994073867798,3.43398714065552,0,0.435822457075119
"162","SF9_W23-C01","SF09","Winter",2022,2023-11-02,2023-11-03,"Y","deer","M","neonate",1,2,3,10.9691333770752,1.97423577308655,4.69287443161011,4.11087369918823,4.22071361541748,0,0.464738070964813
"163","SF9_W23-1028","SF09","Winter",2022,2023-10-28,2023-11-05,"Y","deer","UNK","neonate",1,2,3,4.7884087562561,0.245044842362404,0,6.12675189971924,3.43398714065552,6.29954290390015,0.560596227645874
"164","SF9_W23-C02","SF09","Winter",2022,2023-11-04,2023-11-06,"Y","deer","F","fawn",0,1,1,15.0748023986816,6.79353332519531,5.59593057632446,4.11087369918823,0,3.43398714065552,0.418763428926468
"165","SF9_W23-1019","SF09","Winter",2022,2023-10-19,2023-11-07,"Y","deer","UNK","neonate",1,2,3,4.47952651977539,0.632739782333374,0,5.91910743713379,4.22071361541748,6.03493881225586,0.652762949466705
"166","SF9_W23-C03","SF09","Winter",2022,2023-11-07,2023-11-08,"Y","deer","F","adult",1,2,3,6.64878606796265,4.06604909896851,5.19849681854248,0,4.11087369918823,5.26317596435547,0.467732846736908
"167","SF9_W23-C04","SF09","Winter",2022,2023-11-11,2023-11-11,"Y","deer","F","adult",0,2,2,14.3142356872559,17.4191341400146,6.20611763000488,0,6.1025185585022,3.77106761932373,0.39002051949501
"168","SF9_W23-C07","SF09","Winter",2022,2023-11-16,2023-11-17,"Y","deer","M","adult",0,1,1,12.332633972168,13.0596618652344,4.11087369918823,4.22071361541748,0,6.23636960983276,0.366222023963928
"169","SF9_W23-C09","SF09","Winter",2022,2023-11-21,2023-11-21,"Y","deer","F","adult",1,2,3,11.4797582626343,9.99469566345215,5.09101629257202,0,3.43398714065552,6.77023553848267,0.403814971446991
"170","SF9_W23-C14","SF09","Winter",2022,2023-12-06,2023-12-07,"Y","deer","UNK","fawn",0,0,0,15.3870391845703,3.72628831863403,3.43398714065552,4.22071361541748,0,3.43398714065552,0.428248941898346
"171","SF9_W23-C15","SF09","Winter",2022,2023-12-06,2023-12-11,"Y","deer","F","adult",0,1,1,16.4906101226807,3.16018915176392,5.01727962493896,3.43398714065552,0,3.43398714065552,0.396989047527313
"172","SF9_W23-C19","SF09","Winter",2022,2023-12-19,2023-12-20,"Y","deer","F","fawn",0,0,0,14.7875356674194,5.13854217529297,5.69704246520996,0,5.01727962493896,3.43398714065552,0.364869117736816
